Product,Version,Order,Quantity
T744,t840,1,173
T744,t260,2,252
T702,t734,3,70
T056,t1341,4,164
T056,t1027,5,297
T839,t460,6,121
T056,t1341,7,80
T375,t672,8,271
T127,t157,9,279
T633,t230,10,232
T426,t1392,11,253
T749,t345,12,288
T426,t1392,13,97
T661,t957,14,243
T056,t1341,15,233
T426,t1392,16,174
T839,t460,17,134
T475,t1478,18,84
T375,t672,19,213
T839,t460,20,83
T375,t672,21,85
T749,t345,22,216
T839,t460,23,153
T475,t1478,24,32
T375,t672,25,123
T633,t230,26,194
T056,t1341,27,147
T749,t345,28,298
T633,t230,29,264
T702,t734,30,211
T661,t957,31,80
T702,t734,32,43
T475,t1478,33,232
T475,t1478,34,30
T426,t1392,35,271
T633,t230,36,293
T744,t840,37,224
T633,t230,38,158
T426,t1392,39,185
T127,t157,40,252
T661,t957,41,271
T633,t230,42,128
T127,t157,43,266
T661,t957,44,174
T375,t672,45,25
T426,t1392,46,158
T426,t1392,47,72
T839,t460,48,285
T426,t1392,49,136
T056,t1341,50,101
T056,t1341,51,76
T375,t672,52,85
T426,t1392,53,11
T375,t672,54,251
T475,t1478,55,58
T839,t460,56,292
T633,t230,57,187
T633,t230,58,56
T633,t230,59,185
T127,t157,60,102
T839,t460,61,208
T839,t460,62,292
T426,t1392,63,97
T127,t157,64,13
T056,t1341,65,157
T661,t957,66,38
T661,t957,67,30
T749,t345,68,89
T661,t957,69,159
T475,t1478,70,40
T127,t157,71,155
T127,t157,72,203
T056,t1341,73,229
T744,t840,74,286
T475,t1478,75,2
T633,t230,76,83
T475,t1478,77,11
T839,t460,78,41
T744,t840,79,232
T426,t1392,80,102
T475,t1478,81,249
T127,t157,82,294
T702,t734,83,121
T661,t957,84,164
T127,t157,85,69
T475,t1478,86,201
T749,t345,87,181
T056,t1341,88,126
T749,t345,89,231
T661,t957,90,47
T475,t1478,91,18
T661,t957,92,46
T839,t460,93,137
T056,t1341,94,281
T661,t957,95,268
T744,t840,96,199
T633,t230,97,300
T839,t460,98,224
T744,t840,99,237
T839,t460,100,79
T839,t460,101,146
T702,t734,102,275
T426,t1392,103,177
T702,t527,104,54
T661,t957,105,50
T839,t1172,106,45
T475,t1478,107,57
T702,t1156,108,102
T475,t600,109,29
T375,t672,110,21
T056,t1341,111,247
T426,t403,112,42
T375,t925,113,114
T375,t858,114,100
T661,t64,115,264
T633,t230,116,7
T375,t558,117,167
T127,t157,118,150
T127,t507,119,213
T633,t147,120,266
T749,t345,121,63
T056,t1027,122,161
T633,t848,123,103
T702,t1482,124,254
T749,t682,125,82
T749,t956,126,209
T744,t260,127,123
T702,t195,128,19
T375,t1048,129,217
T127,t1466,130,222
T744,t1082,131,101
T375,t191,132,229
T426,t1240,133,136
T633,t154,134,141
T744,t388,135,217
T127,t229,136,199
T744,t421,137,183
T839,t197,138,25
T633,t1321,139,116
T744,t296,140,231
T661,t952,141,196
T749,t1105,142,131
T633,t670,143,176
T633,t732,144,235
T633,t1321,145,299
T702,t161,146,220
T475,t807,147,39
T839,t410,148,292
T702,t813,149,199
T056,t471,150,269
T127,t1441,151,34
T426,t1055,152,59
T839,t204,153,87
T749,t1167,154,99
T633,t854,155,126
T633,t1038,156,0
T475,t1487,157,270
T633,t780,158,13
T661,t255,159,299
T127,t1181,160,30
T056,t394,161,166
T375,t1165,162,55
T127,t494,163,293
T056,t239,164,154
T426,t110,165,173
T375,t638,166,172
T744,t611,167,207
T749,t294,168,30
T749,t45,169,188
T633,t934,170,186
T426,t1491,171,1
T744,t366,172,242
T475,t948,173,184
T744,t1058,174,84
T744,t296,175,143
T375,t310,176,247
T839,t178,177,261
T633,t342,178,216
T702,t679,179,118
T426,t1483,180,53
T426,t3,181,88
T702,t141,182,80
T744,t454,183,141
T633,t1235,184,89
T375,t106,185,152
T633,t1022,186,268
T056,t989,187,25
T056,t1151,188,33
T749,t1289,189,119
T839,t725,190,9
T426,t978,191,5
T475,t1137,192,292
T744,t1260,193,290
T749,t873,194,148
T375,t251,195,300
T744,t709,196,175
T749,t1339,197,300
T661,t1403,198,57
T702,t856,199,70
T744,t840,200,58
T475,t840,201,284
T127,t734,202,46
T375,t1341,203,118
T839,t1341,204,168
T744,t460,205,132
T744,t1341,206,119
T661,t672,207,279
T127,t157,208,263
T056,t230,209,144
T426,t1392,210,228
T056,t345,211,205
T475,t1392,212,282
T749,t957,213,117
T426,t1341,214,251
T661,t1392,215,22
T661,t460,216,216
T749,t1478,217,15
T375,t672,218,56
T127,t460,219,188
T475,t672,220,263
T702,t345,221,248
T633,t460,222,204
T375,t1478,223,45
T839,t672,224,54
T375,t230,225,281
T839,t1341,226,215
T127,t345,227,50
T056,t230,228,128
T749,t734,229,49
T127,t957,230,263
T426,t734,231,108
T749,t1478,232,72
T749,t1478,233,36
T749,t1392,234,157
T633,t230,235,201
T475,t840,236,255
T661,t230,237,76
T127,t1392,238,231
T744,t157,239,233
T426,t957,240,197
T702,t230,241,237
T633,t157,242,255
T426,t957,243,282
T633,t672,244,232
T661,t1392,245,278
T839,t1392,246,78
T475,t460,247,99
T426,t1392,248,167
T749,t1341,249,61
T702,t1341,250,44
T633,t672,251,87
T839,t1392,252,0
T839,t672,253,261
T744,t1478,254,229
T839,t460,255,139
T749,t230,256,136
T839,t230,257,85
T749,t230,258,13
T633,t157,259,193
T426,t460,260,68
T056,t460,261,288
T749,t1392,262,88
T702,t157,263,52
T744,t1341,264,124
T375,t957,265,207
T127,t957,266,45
T702,t345,267,258
T702,t957,268,115
T702,t1478,269,149
T702,t157,270,137
T426,t157,271,148
T749,t1341,272,183
T839,t840,273,126
T426,t1478,274,129
T056,t230,275,194
T749,t1478,276,37
T702,t460,277,179
T661,t840,278,179
T839,t1392,279,39
T839,t1478,280,185
T127,t157,281,14
T744,t734,282,178
T127,t957,283,192
T475,t157,284,264
T056,t1478,285,54
T744,t345,286,58
T839,t1341,287,151
T426,t345,288,23
T375,t957,289,141
T702,t1478,290,153
T475,t957,291,70
T426,t460,292,13
T661,t1341,293,70
T661,t957,294,38
T375,t840,295,83
T475,t230,296,203
T475,t460,297,94
T475,t840,298,60
T839,t460,299,252
T056,t957,300,244
T749,t1478,301,78
T127,t672,302,95
T839,t460,303,155
T702,t1478,304,25
T475,t345,305,154
T744,t230,306,43
T375,t345,307,144
T661,t157,308,275
T475,t1392,309,196
T056,t734,310,283
T661,t840,311,157
T056,t345,312,207
T661,t957,313,198
T056,t157,314,16
T475,t672,315,61
T744,t157,316,3
T661,t1478,317,160
T375,t1341,318,42
T633,t1392,319,155
T426,t840,320,265
T475,t1478,321,167
T839,t734,322,154
T633,t1341,323,58
T661,t840,324,214
T661,t345,325,103
T661,t460,326,274
T661,t840,327,97
T475,t1478,328,81
T375,t734,329,20
T633,t1341,330,85
T426,t230,331,236
T839,t1392,332,20
T749,t345,333,127
T661,t230,334,126
T633,t345,335,90
T475,t957,336,14
T056,t230,337,40
T426,t1478,338,278
T375,t672,339,160
T661,t957,340,2
T633,t230,341,116
T749,t672,342,118
T375,t957,343,294
T839,t840,344,124
T633,t1478,345,261
T661,t1392,346,63
T839,t1392,347,76
T475,t460,348,201
T475,t672,349,185
T633,t957,350,279
T375,t1478,351,89
T127,t672,352,237
T839,t1341,353,78
T702,t1478,354,94
T475,t460,355,166
T744,t460,356,30
T475,t1392,357,257
T702,t1478,358,286
T702,t230,359,157
T749,t840,360,79
T749,t1478,361,27
T127,t230,362,251
T056,t345,363,253
T661,t840,364,273
T426,t1341,365,158
T702,t460,366,167
T749,t1478,367,21
T475,t157,368,295
T475,t230,369,248
T375,t157,370,113
T375,t957,371,88
T749,t957,372,44
T375,t345,373,46
T839,t1341,374,240
T127,t460,375,206
T426,t840,376,9
T839,t734,377,230
T839,t1341,378,136
T661,t957,379,20
T056,t157,380,28
T633,t957,381,58
T475,t157,382,199
T744,t230,383,13
T475,t672,384,165
T633,t1341,385,210
T056,t460,386,220
T475,t345,387,61
T749,t345,388,283
T839,t672,389,161
T127,t345,390,150
T633,t840,391,60
T839,t1478,392,240
T633,t230,393,238
T127,t1341,394,43
T426,t230,395,254
T744,t957,396,217
T056,t345,397,140
T661,t840,398,231
T375,t840,399,126
T127,t1478,400,8
T475,t157,401,192
T475,t672,402,285
T744,t460,403,75
T749,t840,404,200
T375,t840,405,175
T475,t957,406,93
T749,t157,407,55
T839,t1341,408,212
T661,t1392,409,266
T744,t1341,410,275
T127,t1478,411,210
T375,t345,412,57
T749,t1392,413,246
T375,t957,414,67
T633,t957,415,221
T633,t345,416,96
T661,t672,417,300
T744,t157,418,265
T475,t1478,419,220
T127,t734,420,163
T127,t230,421,108
T056,t672,422,280
T633,t460,423,45
T661,t672,424,244
T426,t460,425,194
T475,t157,426,266
T839,t1341,427,115
T744,t345,428,82
T426,t157,429,237
T702,t1392,430,204
T633,t345,431,38
T056,t345,432,203
T702,t345,433,47
T839,t230,434,267
T633,t1478,435,30
T633,t957,436,59
T127,t157,437,142
T475,t840,438,212
T839,t1392,439,34
T475,t734,440,146
T839,t230,441,234
T375,t1392,442,295
T744,t230,443,67
T702,t957,444,234
T702,t460,215,289
T426,t1478,405,292
T661,t1392,167,3
T661,t345,272,98
T426,t734,94,65
T749,t230,242,198
T475,t460,182,39
T127,t460,373,156
T749,t840,267,82
T661,t460,182,253
T661,t345,138,84
T426,t460,360,258
T056,t345,318,199
T056,t230,302,270
T475,t1392,94,139
T839,t1341,336,268
T661,t345,412,266
T475,t734,360,20
T749,t840,43,119
T426,t672,296,184
T056,t157,90,250
T633,t734,105,72
T475,t734,121,240
T475,t734,351,124
T839,t734,127,216
T661,t1392,335,279
T475,t345,347,203
T661,t460,371,41
T661,t1392,213,175
T661,t1341,182,190
T475,t345,78,42
T475,t734,145,201
T661,t957,213,256
T661,t460,161,157
T702,t460,291,147
T839,t157,154,145
T839,t840,28,156
T839,t157,354,20
T839,t1478,144,238
T839,t1341,332,158
T475,t840,84,247
T839,t460,346,18
T633,t1392,252,66
T661,t672,326,280
T744,t734,169,203
T375,t1478,102,5
T702,t1392,148,101
T375,t957,231,277
T475,t957,334,51
T475,t672,207,21
T056,t1478,404,237
T056,t1478,452,41
T661,t1478,261,164
T056,t460,182,276
T426,t1341,111,4
T375,t345,32,166
T475,t157,62,269
T749,t460,450,13
T749,t734,364,44
T702,t1478,186,253
T749,t840,138,203
T426,t672,422,256
T633,t957,89,197
T633,t1478,87,178
T127,t1341,78,42
T127,t957,83,192
T839,t1341,89,214
T633,t957,447,288
T426,t1341,177,86
T127,t1478,252,70
T475,t840,252,0
T127,t957,79,171
T744,t672,266,80
T744,t230,249,161
T475,t1392,312,14
T702,t1478,115,251
T633,t460,118,236
T702,t230,147,240
T661,t957,16,286
T633,t957,36,234
T661,t957,93,41
T375,t957,245,243
T375,t1478,1,5
T375,t672,285,36
T661,t230,81,55
T127,t1392,227,272
T375,t460,239,299
T127,t345,245,209
T839,t957,382,35
T661,t230,55,122
T839,t1478,276,19
T744,t1341,407,22
T839,t1392,8,149
T475,t672,378,202
T744,t957,300,287
T661,t230,210,103
T839,t345,191,274
T744,t672,213,6
T839,t460,76,35
T475,t230,298,213
T056,t957,404,52
T056,t460,149,266
T375,t1478,185,239
T633,t1478,416,29
T633,t230,202,277
T633,t672,241,240
T127,t157,49,241
T661,t460,385,50
T056,t734,266,269
T056,t1478,288,42
T375,t840,1,91
T426,t1478,349,48
T749,t734,215,163
T426,t734,450,11
T056,t345,323,140
T127,t345,197,69
T661,t157,233,276
T426,t1341,22,243
T375,t957,260,120
T475,t1392,101,152
T426,t734,443,286
T744,t345,136,171
T127,t1478,301,217
T661,t1478,27,206
T375,t672,244,195
T839,t672,355,251
T375,t345,14,32
T661,t672,144,145
T426,t460,382,164
T426,t157,221,54
T375,t1392,438,154
T127,t460,429,201
T839,t460,227,176
T633,t957,115,19
T426,t1341,295,226
T839,t230,2,93
T839,t1478,39,39
T475,t840,429,270
T127,t1478,112,158
T375,t230,330,165
T056,t1341,241,176
T475,t1478,295,231
T749,t345,453,34
T702,t460,25,286
T426,t157,84,204
T127,t230,159,17
T744,t460,14,270
T633,t230,402,248
T475,t157,96,90
T633,t1392,218,75
T127,t840,323,234
T475,t1341,311,121
T839,t957,196,274
T661,t672,223,284
T661,t157,108,136
T127,t1478,284,145
T475,t1478,163,179
T839,t840,101,268
T475,t345,293,230
T127,t672,67,53
T744,t1478,119,115
T749,t345,107,28
T702,t460,349,134
T749,t957,160,102
T633,t840,139,117
T744,t157,134,265
T839,t672,30,240
T702,t345,274,171
T661,t672,223,206
T475,t230,229,26
T661,t230,124,171
T475,t957,452,192
T661,t840,345,211
T475,t1478,174,160
T056,t157,56,177
T056,t157,119,30
T426,t1341,404,242
T749,t230,283,274
T475,t957,225,24
T661,t1392,153,237
T702,t1478,20,92
T475,t460,346,199
T661,t840,365,118
T749,t1392,286,201
T475,t734,225,248
T744,t230,241,273
T375,t1341,412,26
T744,t734,131,246
T375,t460,416,188
T749,t230,135,160
T633,t230,164,34
T839,t157,222,178
T475,t1478,375,203
T375,t460,293,204
T633,t1478,447,138
T633,t460,141,217
T375,t672,396,118
T839,t840,231,275
T633,t734,385,164
T426,t734,212,295
T749,t1392,34,113
T661,t957,321,38
T375,t957,80,276
T127,t1392,152,133
T839,t345,27,206
T056,t1478,386,294
T127,t157,213,120
T633,t345,180,135
T749,t957,123,26
T744,t957,253,158
T633,t1392,218,82
T475,t1341,59,207
T127,t1341,223,222
T749,t1478,41,9
T475,t460,89,143
T633,t957,312,249
T475,t1478,168,270
T056,t345,108,131
T839,t1392,323,205
T056,t1341,130,106
T475,t230,449,25
T633,t1478,103,265
T633,t1478,154,206
T633,t460,61,141
T702,t957,121,244
T426,t1478,222,287
T375,t957,174,136
T056,t957,278,183
T426,t957,192,9
T127,t1478,323,234
T426,t1478,330,297
T475,t957,37,181
T839,t957,172,22
T127,t734,391,55
T127,t460,8,49
T633,t460,74,150
T749,t460,56,149
T426,t460,2,155
T702,t460,112,187
T127,t1478,451,61
T744,t460,7,293
T633,t230,284,271
T475,t957,9,66
T127,t840,232,206
T375,t672,22,213
T749,t734,350,237
T475,t672,47,199
T056,t1478,367,67
T749,t1478,253,127
T661,t1341,106,55
T127,t1341,299,68
T056,t957,116,153
T633,t1341,418,294
T633,t1392,248,282
T127,t672,55,198
T475,t1478,252,156
T475,t345,151,10
T661,t345,155,137
T475,t734,5,293
T426,t345,345,255
T056,t1392,77,76
T127,t230,251,55
T661,t230,102,276
T633,t157,428,291
T749,t157,294,213
T475,t460,240,32
T661,t230,161,217
T839,t1392,200,274
T127,t157,366,247
T475,t1478,416,251
T375,t157,351,167
T633,t840,312,272
T633,t840,364,174
T749,t1478,77,277
T475,t734,335,229
T056,t230,270,122
T661,t734,364,130
T375,t957,322,284
T661,t230,86,93
T426,t957,246,34
T127,t672,236,45
T744,t672,302,16
T661,t672,184,176
T839,t957,176,203
T426,t157,314,189
T056,t672,86,61
T661,t157,369,93
T661,t460,52,290
T749,t957,213,156
T702,t460,368,102
T475,t840,108,294
T426,t460,244,43
T127,t1478,449,109
T475,t840,29,277
T749,t957,140,60
T426,t460,108,255
T375,t840,37,195
T056,t460,51,223
T633,t1478,206,211
T127,t1341,414,27
T056,t1341,166,138
T661,t672,28,185
T056,t230,133,230
T839,t230,266,137
T426,t230,44,126
T475,t157,79,4
T839,t957,11,203
T702,t1341,426,43
T744,t1341,377,144
T661,t672,431,162
T633,t1392,340,118
T661,t345,58,85
T426,t1392,161,47
T839,t1341,303,275
T056,t157,273,223
T633,t957,332,78
T744,t1392,399,275
T056,t672,241,243
T475,t1478,87,71
T839,t1392,276,29
T749,t840,173,42
T749,t157,419,48
T475,t957,365,107
T633,t672,356,20
T839,t460,411,189
T633,t672,319,265
T702,t957,182,187
T633,t1392,395,210
T633,t1392,18,91
T661,t672,18,206
T475,t157,422,110
T056,t460,107,287
T633,t230,46,187
T475,t1392,174,208
T426,t460,261,233
T839,t460,123,76
T475,t1478,48,246
T056,t157,412,191
T633,t672,420,68
T475,t1341,207,236
T475,t1478,50,180
T702,t345,23,300
T375,t734,9,138
T744,t1392,210,141
T661,t157,36,213
T661,t840,446,245
T744,t230,262,259
T661,t1478,372,104
T749,t230,84,164
T426,t157,183,141
T633,t1478,120,38
T633,t460,68,14
T749,t957,54,47
T661,t957,251,55
T056,t157,180,235
T839,t1478,126,77
T375,t460,246,137
T661,t1478,28,202
T661,t157,89,232
T661,t840,264,220
T426,t345,323,183
T633,t734,238,165
T749,t345,300,294
T056,t230,429,90
T702,t840,145,0
T375,t460,302,174
T661,t734,9,250
T839,t957,275,281
T375,t1478,407,281
T475,t957,167,19
T475,t1478,277,116
T661,t957,275,36
T839,t1478,231,223
T633,t1341,181,116
T661,t1341,140,243
T475,t1392,444,132
T749,t345,127,277
T127,t1478,218,135
T475,t957,134,58
T633,t734,395,165
T839,t1478,213,22
T475,t957,1,286
T426,t345,398,72
T839,t1478,124,95
T475,t840,206,268
T749,t672,119,110
T749,t840,143,281
T426,t672,250,70
T749,t345,374,39
T375,t230,366,129
T702,t460,4,45
T661,t1478,273,242
T661,t672,218,9
T127,t230,270,292
T056,t230,357,129
T056,t672,367,174
T426,t460,175,124
T127,t230,264,293
T633,t1392,288,220
T475,t345,93,91
T839,t957,63,300
T744,t672,116,164
T127,t157,206,136
T426,t460,122,178
T426,t1341,353,275
T839,t157,371,82
T056,t230,28,270
T375,t345,106,191
T375,t840,420,87
T661,t230,366,104
T127,t1478,424,133
T633,t157,347,49
T056,t345,67,94
T633,t1478,341,227
T744,t230,287,265
T127,t1478,294,68
T475,t1341,410,245
T633,t460,448,169
T839,t1341,341,57
T633,t1478,97,232
T475,t230,420,269
T426,t230,240,290
T702,t230,197,165
T426,t734,397,232
T661,t1392,353,203
T839,t672,434,153
T056,t1341,346,234
T475,t1392,171,124
T839,t157,291,231
T839,t1392,288,132
T426,t1478,44,252
T633,t460,13,149
T702,t157,3,132
T127,t157,369,39
T633,t230,129,83
T375,t345,402,153
T839,t1392,79,177
T475,t734,17,160
T426,t157,416,241
T375,t840,112,66
T661,t230,426,285
T475,t1478,42,18
T475,t157,324,165
T475,t672,304,1
T475,t345,319,273
T633,t1478,165,30
T744,t1341,207,27
T749,t345,426,248
T661,t957,237,193
T475,t157,145,201
T702,t1341,166,63
T661,t230,30,155
T661,t230,294,141
T475,t157,258,135
T661,t1478,47,76
T661,t1478,249,6
T127,t957,453,249
T375,t1478,141,59
T702,t1392,254,33
T749,t1341,120,7
T744,t157,7,202
T749,t957,311,261
T702,t230,299,142
T375,t345,112,81
T839,t1478,395,292
T127,t957,434,281
T839,t460,308,25
T839,t157,29,293
T475,t1478,165,294
T702,t672,22,162
T127,t230,104,68
T475,t230,446,178
T426,t345,225,20
T744,t1478,211,9
T633,t1341,101,190
T633,t957,232,294
T702,t672,25,142
T702,t957,85,100
T749,t1392,240,193
T475,t157,87,110
T127,t840,411,54
T839,t957,450,176
T375,t460,228,292
T702,t1392,60,74
T127,t1341,5,50
T661,t957,270,267
T375,t957,444,133
T661,t345,147,94
T375,t734,165,19
T127,t1478,325,105
T375,t1392,215,168
T702,t157,260,250
T633,t1478,126,248
T702,t345,218,16
T744,t1392,310,195
T702,t672,448,279
T056,t1341,130,186
T056,t230,214,256
T475,t157,79,123
T749,t1341,233,64
T839,t957,168,24
T375,t1341,95,183
T375,t460,400,185
T375,t1392,149,68
T426,t1478,119,200
T375,t460,184,195
T633,t734,446,180
T839,t840,60,277
T749,t957,27,126
T475,t230,259,41
T127,t957,223,201
T127,t1392,5,163
T475,t460,148,206
T661,t1341,192,240
T661,t230,243,118
T426,t840,127,272
T839,t1341,56,250
T839,t1478,172,161
T744,t460,229,157
T127,t345,187,228
T426,t345,8,205
T475,t1478,265,42
T749,t230,299,296
T661,t460,289,72
T475,t230,441,77
T127,t734,102,53
T375,t230,445,271
T702,t230,263,183
T839,t957,176,118
T475,t1478,324,294
T744,t1341,304,27
T633,t230,112,261
T127,t1478,51,154
T375,t1392,195,132
T475,t460,446,158
