Product,Search IP Address,Search DT
T744,242.133.4.177,2016-03-12 21:10
T744,242.133.4.178,2009-08-28 13:56
T702,242.133.4.179,2014-07-02 07:33
T056,242.133.4.180,2012-07-05 07:39
T056,242.133.4.181,2015-12-08 09:20
T839,242.133.4.182,2014-11-10 19:08
T056,242.133.4.183,2010-02-14 18:20
T375,242.133.4.184,2016-11-23 17:34
T127,242.133.4.185,2016-01-16 04:38
T633,242.133.4.186,2009-10-02 22:44
T426,242.133.4.187,2015-05-12 03:01
T749,242.133.4.188,2017-01-08 23:57
T426,242.133.4.189,2016-03-30 15:10
T661,242.133.4.190,2011-03-15 14:08
T056,242.133.4.191,2012-01-11 09:44
T426,242.133.4.192,2010-11-04 04:44
T839,242.133.4.193,2012-01-09 11:26
T475,242.133.4.194,2010-11-03 16:12
T375,242.133.4.195,2015-10-12 15:08
T839,242.133.4.196,2010-04-09 06:57
T375,242.133.4.197,2009-07-11 19:34
T749,242.133.4.198,2011-05-23 11:43
T839,242.133.4.199,2011-03-12 20:25
T475,242.133.4.200,2017-06-27 21:49
T375,242.133.4.201,2014-12-17 08:52
T633,242.133.4.202,2010-05-18 02:17
T056,242.133.4.203,2013-03-05 08:23
T749,242.133.4.204,2015-09-22 10:07
T633,242.133.4.205,2016-11-20 15:01
T702,242.133.4.206,2009-07-14 16:09
T661,242.133.4.207,2010-06-09 20:51
T702,242.133.4.208,2009-08-12 15:03
T475,242.133.4.209,2010-04-07 02:59
T475,242.133.4.210,2014-09-26 08:40
T426,242.133.4.211,2015-05-30 04:56
T633,242.133.4.212,2015-03-20 08:16
T744,242.133.4.213,2013-10-21 07:50
T633,242.133.4.214,2017-11-14 16:08
T426,242.133.4.215,2009-06-24 15:14
T127,242.133.4.216,2016-08-25 03:42
T661,242.133.4.217,2011-01-03 10:23
T633,242.133.4.218,2013-08-06 14:10
T127,242.133.4.219,2010-05-27 13:01
T661,242.133.4.220,2009-07-16 17:35
T375,242.133.4.221,2017-11-17 10:57
T426,242.133.4.222,2010-08-05 08:25
T426,242.133.4.223,2016-10-02 01:17
T839,242.133.4.224,2008-03-14 13:42
T426,242.133.4.225,2008-06-24 04:50
T056,242.133.4.226,2008-10-10 17:20
T056,242.133.4.227,2009-07-03 02:37
T375,242.133.4.228,2011-05-06 03:45
T426,242.133.4.229,2011-08-29 10:19
T375,242.133.4.230,2016-06-29 21:33
T475,242.133.4.231,2014-02-15 14:45
T839,242.133.4.232,2012-05-12 15:42
T633,242.133.4.233,2008-01-05 23:46
T633,242.133.4.234,2009-08-26 13:13
T633,242.133.4.235,2012-08-21 02:50
T127,242.133.4.236,2014-07-11 10:46
T839,242.133.4.237,2009-07-03 20:43
T839,242.133.4.238,2017-09-25 08:50
T426,242.133.4.239,2010-03-18 13:48
T127,242.133.4.240,2014-08-25 04:55
T056,242.133.4.241,2013-03-28 09:48
T661,242.133.4.242,2010-12-12 22:44
T661,242.133.4.243,2012-07-21 15:28
T749,242.133.4.244,2010-03-10 20:17
T661,242.133.4.245,2012-05-05 20:52
T475,242.133.4.246,2009-02-28 12:30
T127,242.133.4.247,2011-01-19 03:01
T127,242.133.4.248,2009-12-12 23:08
T056,242.133.4.249,2016-11-10 00:58
T744,242.133.4.250,2009-10-29 22:57
T475,242.133.4.251,2016-10-25 00:18
T633,242.133.4.252,2009-01-15 01:30
T475,242.133.4.253,2012-10-18 01:22
T839,242.133.4.254,2013-10-21 22:14
T744,242.133.4.255,2012-06-03 16:03
T426,242.133.4.256,2015-11-12 19:07
T475,242.133.4.257,2012-10-31 06:18
T127,242.133.4.258,2015-01-23 06:29
T702,242.133.4.259,2015-02-22 04:06
T661,242.133.4.260,2011-01-11 19:09
T127,242.133.4.261,2008-06-19 03:38
T475,242.133.4.262,2012-10-28 03:18
T749,242.133.4.263,2011-06-02 13:49
T056,242.133.4.264,2015-05-22 05:25
T749,242.133.4.265,2012-07-26 19:19
T661,242.133.4.266,2016-04-11 23:23
T475,242.133.4.267,2010-10-04 02:00
T661,242.133.4.268,2009-07-27 23:13
T839,242.133.4.269,2011-08-09 18:39
T056,242.133.4.270,2014-05-23 13:40
T661,242.133.4.271,2008-12-06 19:59
T744,242.133.4.272,2013-05-20 04:42
T633,242.133.4.273,2011-11-13 21:27
T839,242.133.4.274,2011-06-17 00:47
T744,242.133.4.275,2016-10-25 01:52
T839,242.133.4.276,2015-07-08 14:56
T661,242.133.4.277,2017-11-23 11:13
T475,242.133.4.278,2013-07-07 11:23
T375,242.133.4.279,2013-06-30 03:15
T839,242.133.4.280,2016-09-19 11:28
T475,242.133.4.281,2014-01-18 13:32
T749,242.133.4.282,2010-01-14 20:09
T633,242.133.4.283,2010-08-29 11:13
T749,242.133.4.284,2010-05-03 07:38
T127,242.133.4.285,2009-04-29 21:37
T426,242.133.4.286,2010-09-22 04:20
T702,242.133.4.287,2016-11-27 03:22
T744,242.133.4.288,2012-06-19 03:40
T749,242.133.4.289,2008-05-26 19:00
T661,242.133.4.290,2014-04-11 07:13
T127,242.133.4.291,2016-02-04 04:19
T375,242.133.4.292,2008-06-03 21:15
T127,242.133.4.293,2009-06-12 02:47
T475,242.133.4.294,2014-09-12 20:01
T056,242.133.4.295,2013-10-03 20:27
T426,242.133.4.296,2017-03-03 20:24
T744,242.133.4.297,2009-08-26 12:17
T475,242.133.4.298,2010-01-25 11:15
T702,242.133.4.299,2013-11-08 09:13
T056,242.133.4.300,2010-11-21 06:06
T744,242.133.4.301,2016-09-26 02:22
T749,242.133.4.302,2011-12-06 01:12
T839,242.133.4.303,2010-11-04 10:05
T744,242.133.4.304,2015-01-29 16:43
T475,242.133.4.305,2009-01-23 16:54
T702,242.133.4.306,2012-09-01 20:34
T056,242.133.4.307,2010-08-05 02:55
T633,242.133.4.308,2015-03-03 19:14
T426,242.133.4.309,2012-07-23 02:53
T749,242.133.4.310,2014-02-01 13:47
T633,242.133.4.311,2008-11-06 18:54
T749,242.133.4.312,2011-08-29 10:05
T661,242.133.4.313,2014-10-15 20:42
T633,242.133.4.314,2017-05-19 03:48
T475,242.133.4.315,2016-07-12 10:00
T375,242.133.4.316,2008-09-17 05:19
T661,242.133.4.317,2017-07-06 07:53
T633,242.133.4.318,2014-10-26 23:21
T375,242.133.4.319,2010-06-24 04:40
T661,242.133.4.320,2009-06-09 11:23
T744,242.133.4.321,2012-02-10 05:01
T475,242.133.4.322,2015-10-03 14:34
T426,242.133.4.323,2014-09-12 06:31
T426,242.133.4.324,2009-06-02 01:55
T839,242.133.4.325,2016-03-09 15:32
T375,242.133.4.326,2009-07-09 09:49
T661,242.133.4.327,2012-04-21 04:36
T475,242.133.4.328,2011-01-20 13:24
T375,242.133.4.329,2013-11-20 22:19
T056,242.133.4.330,2012-04-27 05:49
T475,242.133.4.331,2015-09-22 12:58
T839,242.133.4.332,2011-11-06 04:02
T839,242.133.4.333,2013-05-26 04:25
T426,242.133.4.334,2013-10-12 20:50
T475,242.133.4.335,2016-11-12 16:20
T633,242.133.4.336,2008-06-10 11:40
T744,242.133.4.337,2017-10-18 12:30
T475,242.133.4.338,2012-06-20 22:33
T633,242.133.4.339,2013-07-22 20:03
T749,242.133.4.340,2010-04-11 08:38
T744,242.133.4.341,2012-06-17 17:51
T056,242.133.4.342,2013-08-26 07:32
T839,242.133.4.343,2015-01-27 23:58
T475,242.133.4.344,2008-03-07 21:47
T127,242.133.4.345,2010-03-10 19:11
T633,242.133.4.346,2008-07-13 08:09
T127,242.133.4.347,2017-10-05 09:00
T661,242.133.4.348,2009-11-01 23:30
T661,242.133.4.349,2014-10-22 22:04
T749,242.133.4.350,2014-01-13 02:44
T056,242.133.4.351,2011-09-02 12:19
T839,242.133.4.352,2016-05-05 18:11
T744,242.133.4.353,2013-08-29 22:26
T702,242.133.4.354,2013-07-25 04:11
T056,242.133.4.355,2016-07-26 21:19
T661,242.133.4.356,2016-05-11 09:00
T127,242.133.4.357,2008-03-02 10:04
T661,242.133.4.358,2016-12-20 11:39
T127,242.133.4.359,2014-05-13 01:36
T633,242.133.4.360,2014-06-23 15:50
T375,242.133.4.361,2012-04-26 08:49
T056,242.133.4.362,2009-09-12 02:14
T839,242.133.4.363,2016-08-07 13:38
T749,242.133.4.364,2015-03-01 01:38
T749,242.133.4.365,2014-02-24 22:52
T375,242.133.4.366,2012-02-19 04:29
T749,242.133.4.367,2014-05-29 03:07
T744,242.133.4.368,2009-11-25 16:10
T475,242.133.4.369,2012-07-07 16:12
T633,242.133.4.370,2010-03-11 20:05
T056,242.133.4.371,2012-10-15 00:25
T633,242.133.4.372,2013-05-08 05:01
T661,242.133.4.373,2008-07-17 21:57
T749,242.133.4.374,2015-08-12 21:19
T744,242.133.4.375,2016-10-11 01:38
T744,242.133.4.376,2014-09-21 09:49
T475,242.133.4.354,2008-06-03 10:15
T127,242.133.4.318,2008-10-27 10:19
T375,242.133.4.333,2012-05-13 03:16
T839,242.133.4.315,2009-03-22 11:56
T744,242.133.4.234,2014-03-21 05:22
T744,242.133.4.338,2011-04-07 23:37
T661,242.133.4.323,2015-05-06 00:42
T127,242.133.4.182,2011-06-11 07:03
T056,242.133.4.260,2018-01-02 19:09
T426,242.133.4.191,2014-05-08 05:30
T056,242.133.4.224,2012-12-09 07:04
T475,242.133.4.242,2015-09-14 09:47
T749,242.133.4.273,2014-04-20 04:23
T426,242.133.4.322,2008-06-01 16:57
T661,242.133.4.352,2011-02-09 03:53
T661,242.133.4.360,2017-12-01 03:37
T749,242.133.4.222,2013-09-22 23:01
T375,242.133.4.304,2013-08-16 16:50
T127,242.133.4.372,2017-02-18 21:45
T475,242.133.4.218,2014-11-16 06:02
T702,242.133.4.211,2017-10-06 07:10
T633,242.133.4.204,2015-07-08 15:44
T375,242.133.4.287,2012-02-29 07:25
T839,242.133.4.255,2013-11-03 11:36
T375,242.133.4.313,2013-08-20 19:45
T839,242.133.4.332,2010-05-21 01:12
T127,242.133.4.360,2014-06-22 08:59
T056,242.133.4.196,2013-03-03 00:01
T749,242.133.4.325,2013-10-05 20:52
T127,242.133.4.353,2008-10-09 03:37
T426,242.133.4.201,2016-08-05 10:27
T749,242.133.4.313,2017-07-18 20:06
T749,242.133.4.311,2015-11-14 03:33
T749,242.133.4.362,2013-11-29 13:17
T633,242.133.4.235,2016-07-17 20:54
T475,242.133.4.310,2016-11-29 09:30
T661,242.133.4.365,2017-02-22 22:09
T127,242.133.4.373,2012-08-11 16:17
T744,242.133.4.346,2009-02-13 19:14
T426,242.133.4.347,2017-11-06 04:54
T702,242.133.4.369,2009-05-27 01:33
T633,242.133.4.276,2012-02-18 07:38
T426,242.133.4.217,2010-09-18 06:44
T633,242.133.4.254,2015-09-20 02:01
T661,242.133.4.315,2013-04-08 05:01
T839,242.133.4.279,2012-12-18 18:23
T475,242.133.4.297,2012-04-10 01:23
T426,242.133.4.225,2015-12-27 00:26
T749,242.133.4.195,2011-04-26 17:30
T702,242.133.4.290,2015-11-20 20:12
T633,242.133.4.349,2010-06-30 00:18
T839,242.133.4.346,2008-01-19 09:45
T839,242.133.4.293,2017-03-02 02:10
T744,242.133.4.334,2017-12-30 08:02
T839,242.133.4.273,2012-04-30 18:49
T749,242.133.4.192,2011-09-08 15:10
T839,242.133.4.203,2014-06-16 12:46
T749,242.133.4.369,2013-11-19 14:26
T633,242.133.4.286,2009-11-27 21:00
T426,242.133.4.353,2008-05-21 16:25
T056,242.133.4.313,2016-08-01 11:49
T749,242.133.4.258,2012-11-26 11:38
T702,242.133.4.177,2010-04-14 05:42
T744,242.133.4.298,2010-11-20 23:51
T375,242.133.4.345,2014-12-09 09:22
T127,242.133.4.317,2014-09-12 13:10
T702,242.133.4.370,2012-03-15 03:09
T702,242.133.4.264,2015-12-29 08:07
T702,242.133.4.263,2008-07-06 09:02
T702,242.133.4.321,2011-04-13 08:15
T426,242.133.4.186,2008-11-06 19:15
T749,242.133.4.236,2012-03-06 18:49
T839,242.133.4.259,2009-01-22 18:49
T426,242.133.4.195,2009-12-07 14:40
T056,242.133.4.216,2008-08-02 10:13
T749,242.133.4.279,2011-06-05 17:02
T702,242.133.4.308,2013-10-26 13:26
T661,242.133.4.252,2012-05-27 11:48
T839,242.133.4.219,2013-11-28 20:47
T839,242.133.4.334,2017-07-13 23:44
T127,242.133.4.301,2015-05-31 18:20
T744,242.133.4.247,2017-11-04 13:17
T127,242.133.4.278,2011-04-17 10:25
T475,242.133.4.269,2012-03-31 15:43
T056,242.133.4.374,2013-05-06 10:16
T744,242.133.4.255,2015-07-21 05:51
T839,242.133.4.321,2015-03-13 13:08
T426,242.133.4.256,2011-08-27 20:34
T375,242.133.4.280,2009-06-18 17:46
T702,242.133.4.208,2016-03-22 07:55
T475,242.133.4.230,2017-12-24 04:20
T426,242.133.4.361,2017-03-22 10:53
T661,242.133.4.301,2010-01-23 15:13
T661,242.133.4.260,2010-08-28 21:26
T375,242.133.4.308,2012-10-07 22:51
T475,242.133.4.182,2014-04-27 10:46
T475,242.133.4.294,2015-09-07 16:55
T475,242.133.4.194,2009-07-18 15:38
T839,242.133.4.204,2010-04-17 13:13
T056,242.133.4.289,2012-04-10 18:58
T749,242.133.4.328,2011-09-07 22:57
T127,242.133.4.195,2013-11-08 22:31
T839,242.133.4.309,2010-12-29 20:26
T702,242.133.4.304,2010-12-07 13:11
T475,242.133.4.192,2009-08-02 06:58
T744,242.133.4.264,2016-06-23 11:26
T375,242.133.4.286,2016-08-09 23:08
T661,242.133.4.255,2015-01-17 02:29
T475,242.133.4.227,2014-01-30 16:54
T056,242.133.4.179,2017-03-09 17:44
T661,242.133.4.372,2010-03-22 23:56
T056,242.133.4.243,2013-12-29 22:14
T661,242.133.4.290,2015-12-25 07:09
T056,242.133.4.252,2009-04-16 11:15
T475,242.133.4.253,2015-08-06 15:33
T744,242.133.4.187,2017-06-13 17:02
T661,242.133.4.247,2017-04-08 21:21
T375,242.133.4.220,2012-09-09 10:31
T633,242.133.4.240,2012-08-28 10:03
T426,242.133.4.277,2010-06-21 13:22
T475,242.133.4.260,2010-03-04 10:25
T839,242.133.4.344,2011-10-08 16:45
T633,242.133.4.218,2016-08-06 07:29
T661,242.133.4.189,2014-04-27 13:48
T661,242.133.4.369,2012-06-07 01:31
T661,242.133.4.276,2008-11-28 16:24
T661,242.133.4.221,2009-06-12 13:55
T475,242.133.4.302,2012-10-24 01:49
T375,242.133.4.278,2009-07-18 14:16
T633,242.133.4.264,2014-02-01 21:02
T426,242.133.4.316,2015-01-16 20:41
T839,242.133.4.233,2017-03-01 02:39
T749,242.133.4.316,2011-10-22 06:50
T661,242.133.4.219,2009-09-17 10:45
T633,242.133.4.355,2013-04-20 02:48
T475,242.133.4.269,2010-06-24 06:00
T056,242.133.4.363,2010-09-12 08:57
T426,242.133.4.189,2008-01-09 02:50
T375,242.133.4.213,2009-08-01 14:58
T661,242.133.4.369,2011-08-30 06:58
T633,242.133.4.322,2016-11-01 06:19
T749,242.133.4.245,2012-01-19 06:14
T375,242.133.4.182,2009-04-22 14:28
T839,242.133.4.296,2015-09-21 02:39
T633,242.133.4.194,2015-11-26 02:14
T661,242.133.4.283,2010-02-01 12:10
T839,242.133.4.352,2017-10-01 12:04
T475,242.133.4.336,2010-11-24 00:01
T475,242.133.4.306,2008-01-15 17:38
T633,242.133.4.288,2015-11-06 15:41
T375,242.133.4.263,2013-01-21 09:08
T127,242.133.4.259,2017-09-10 22:42
T839,242.133.4.330,2014-05-16 17:38
T702,242.133.4.204,2017-03-27 02:54
T475,242.133.4.214,2013-08-22 21:43
T744,242.133.4.294,2009-09-25 08:18
T475,242.133.4.372,2008-06-26 22:31
T702,242.133.4.187,2017-12-11 13:54
T702,242.133.4.342,2014-05-18 10:13
T749,242.133.4.295,2016-02-07 21:01
T749,242.133.4.177,2015-08-05 22:25
T127,242.133.4.316,2011-09-25 06:21
T056,242.133.4.275,2010-02-02 19:46
T661,242.133.4.208,2012-06-10 17:44
T426,242.133.4.202,2015-07-08 14:21
T702,242.133.4.340,2014-01-19 12:59
T749,242.133.4.345,2012-02-16 05:21
T475,242.133.4.230,2011-05-20 05:59
T475,242.133.4.224,2013-09-12 04:47
T375,242.133.4.269,2015-11-25 16:40
T375,242.133.4.295,2011-08-05 07:59
T749,242.133.4.246,2014-04-02 23:04
T375,242.133.4.184,2017-10-22 00:25
T839,242.133.4.325,2008-03-24 20:37
T127,242.133.4.186,2016-05-13 17:46
T426,242.133.4.296,2010-01-07 00:03
T839,242.133.4.227,2015-07-17 03:31
T839,242.133.4.300,2016-04-13 15:04
T661,242.133.4.328,2012-09-23 19:38
T056,242.133.4.190,2011-12-03 22:04
T633,242.133.4.232,2008-03-08 15:42
T475,242.133.4.339,2014-07-25 08:58
T744,242.133.4.316,2013-03-02 14:57
T475,242.133.4.276,2009-08-19 06:24
T633,242.133.4.203,2009-12-24 01:32
T056,242.133.4.323,2016-12-11 15:29
T475,242.133.4.232,2016-10-17 13:48
T749,242.133.4.306,2015-05-27 00:12
T839,242.133.4.313,2015-11-04 11:27
T127,242.133.4.212,2015-03-03 20:19
T633,242.133.4.252,2009-02-01 16:36
T839,242.133.4.297,2016-05-25 22:13
T633,242.133.4.282,2016-10-17 00:45
T127,242.133.4.244,2013-02-01 15:17
T426,242.133.4.201,2017-01-18 19:36
T744,242.133.4.240,2016-09-01 03:05
T056,242.133.4.257,2013-12-04 12:39
T661,242.133.4.222,2008-03-15 04:28
T375,242.133.4.327,2016-09-03 20:00
T127,242.133.4.281,2012-07-24 03:08
T475,242.133.4.238,2008-04-11 14:35
T475,242.133.4.351,2012-02-04 09:43
T744,242.133.4.298,2013-12-25 10:54
T749,242.133.4.358,2008-12-11 09:50
T375,242.133.4.198,2014-01-27 11:11
T475,242.133.4.246,2008-09-28 08:40
T749,242.133.4.227,2013-12-26 15:41
T839,242.133.4.275,2008-02-19 13:27
T661,242.133.4.325,2017-05-22 22:18
T744,242.133.4.368,2014-09-15 01:38
T127,242.133.4.238,2017-10-15 21:44
T375,242.133.4.364,2008-03-06 19:06
T749,242.133.4.376,2016-12-04 08:39
T375,242.133.4.375,2013-03-13 00:25
T633,242.133.4.345,2012-03-28 23:23
T633,242.133.4.234,2017-06-16 18:44
T661,242.133.4.281,2016-10-09 00:46
T744,242.133.4.317,2017-01-20 13:21
T475,242.133.4.306,2017-03-23 06:38
T127,242.133.4.214,2016-07-28 19:04
T127,242.133.4.309,2016-03-26 11:18
T056,242.133.4.254,2017-12-28 23:32
T633,242.133.4.327,2017-09-28 02:23
T661,242.133.4.375,2012-09-02 05:26
T426,242.133.4.370,2013-08-12 20:02
T475,242.133.4.317,2016-12-17 15:52
T839,242.133.4.226,2013-05-07 14:49
T744,242.133.4.335,2016-09-25 00:03
T426,242.133.4.221,2011-12-30 02:57
T702,242.133.4.226,2013-10-22 22:59
T633,242.133.4.259,2014-03-08 03:45
T056,242.133.4.265,2017-06-26 12:32
T702,242.133.4.311,2014-12-01 15:39
T839,242.133.4.262,2010-10-15 19:43
T633,242.133.4.286,2011-12-15 02:27
T633,242.133.4.202,2013-05-13 01:27
T127,242.133.4.352,2014-12-23 14:36
T475,242.133.4.223,2009-05-16 11:40
T839,242.133.4.279,2009-11-03 10:03
T475,242.133.4.367,2008-05-01 20:54
T839,242.133.4.294,2017-09-15 09:53
T375,242.133.4.317,2010-03-23 20:40
T744,242.133.4.329,2012-04-28 23:55
T702,242.133.4.296,2009-01-20 12:00
T056,242.133.4.190,2015-01-18 16:48
T749,242.133.4.362,2015-05-11 02:40
T375,242.133.4.309,2015-02-01 17:38
T839,242.133.4.311,2015-11-19 17:45
T702,242.133.4.265,2015-06-25 10:45
T744,242.133.4.225,2009-08-28 08:52
T661,242.133.4.305,2015-07-07 01:30
T749,242.133.4.365,2014-01-25 05:56
T475,242.133.4.364,2010-01-26 05:49
T475,242.133.4.279,2008-01-13 02:48
T056,242.133.4.195,2013-08-07 18:33
T375,242.133.4.238,2017-10-16 18:24
T749,242.133.4.330,2013-12-29 22:08
T839,242.133.4.264,2010-01-30 15:24
T375,242.133.4.374,2017-05-07 15:15
T633,242.133.4.178,2012-01-02 19:37
T749,242.133.4.322,2013-10-21 18:00
T375,242.133.4.202,2011-09-10 10:18
T127,242.133.4.204,2017-09-25 02:52
T475,242.133.4.326,2015-02-22 04:30
T661,242.133.4.274,2012-09-01 03:57
T702,242.133.4.261,2016-09-18 09:10
T661,242.133.4.225,2009-09-19 08:40
T475,242.133.4.308,2014-11-25 02:13
T633,242.133.4.364,2016-04-08 20:26
T127,242.133.4.352,2010-12-17 20:13
T475,242.133.4.337,2012-07-18 11:04
T633,242.133.4.225,2010-08-06 21:32
T661,242.133.4.234,2013-10-15 23:12
T633,242.133.4.299,2016-07-04 01:36
T127,242.133.4.284,2017-02-27 17:49
T056,242.133.4.303,2016-06-13 00:32
T375,242.133.4.267,2009-03-08 12:49
T839,242.133.4.371,2014-07-07 11:22
T056,242.133.4.219,2017-11-19 06:28
T426,242.133.4.373,2017-06-15 03:02
T661,242.133.4.336,2015-12-04 00:50
T375,242.133.4.343,2011-12-09 18:07
T127,242.133.4.316,2017-12-05 22:03
T375,242.133.4.205,2013-09-29 08:41
T375,242.133.4.213,2010-11-30 18:34
T475,242.133.4.349,2014-12-09 21:49
T744,242.133.4.264,2010-11-03 14:32
T633,242.133.4.202,2008-09-06 15:56
T127,242.133.4.315,2010-11-14 14:35
T475,242.133.4.363,2016-12-29 05:26
T426,242.133.4.269,2011-10-23 05:39
T475,242.133.4.303,2016-12-24 09:21
T127,242.133.4.241,2010-12-15 03:00
T702,242.133.4.271,2013-06-19 21:42
T839,242.133.4.255,2016-07-10 08:55
T375,242.133.4.318,2015-05-30 10:23
T702,242.133.4.297,2013-07-27 13:40
T661,242.133.4.229,2015-08-24 06:40
T839,242.133.4.214,2013-11-21 14:32
T475,242.133.4.268,2015-04-06 02:50
